,Unnamed: 0,X,GrammyAward,GrammyYear,Genre,Name,Artist,Artists,number_artists
0,1,0,Record Of The Year,2018,General,this is america,Childish Gambino,Childish Gambino,1
1,2,1,Song Of The Year,2018,General,this is america,Childish Gambino,Childish Gambino,1
2,13,12,Best Rap/Sung Performance,2018,Rap,this is america,Childish Gambino,Childish Gambino,1
3,4,3,Best Pop Duo/Group Performance,2018,Pop,shallow,Lady Gaga & Bradley Cooper,"Lady Gaga, Bradley Cooper",2
4,23,22,Best Song Written For Visual Media,2018,Composing/Arranging,shallow,Lady Gaga & Bradley Cooper,"Lady Gaga, Bradley Cooper",2
5,5,4,Best Dance Recording,2018,Dance/Electronic Music,electricity,Silk City & Dua Lipa Featuring Diplo & Mark Ronson,"Silk City, Dua Lipa",2
6,9,8,Best R&B Performance,2018,R&B,best part,He.r. Featuring Daniel Caesar,Daniel Caesar,1
7,10,9,Best Traditional R&B Performance,2018,R&B,how deep is your love,Pj Morton Featuring Yebba,"Calvin Harris, Disciples",2
8,11,10,Best R&B Song,2018,R&B,boo'd up,Ella Mai,Ella Mai,1
9,14,13,Best Rap Song,2018,Rap,god's plan,Drake,Drake,1
10,15,14,Best Country Solo Performance,2018,Country,butterflies,Kacey Musgraves,Michael Jackson,1
11,16,15,Best Country Duo/Group Performance,2018,Country,tequila,Dan   Shay,Dan + Shay,1
12,20,19,Best Contemporary Christian Music Performance/Song,2018,Gospel/Contemporary Christian Music,you say,"Lauren Daigle; Lauren Daigle, Jason Ingram & Paul Mabury, Songwriterscory Asbury; Cory Asbury, Caleb Culver & Ran Jackson, Songwritersfor King & Country; Ben Glover, Matt Hales, Stephen Blake Kanicka, Seth Mosley, Joel Smallbone, Luke Smallbone & Tedd Tjornhom, Songwritersmercyme Featuring John Reuben; David Garcia, Ben Glover, Mercyme, Solomon Olds & John Reuben, Songwriterstauren Wells; Ethan Hulse, Jordan Sapp & Tauren Wells, Songwriters",Lauren Daigle,1
13,24,23,Record Of The Year,2017,General,24k magic,Bruno Mars,Bruno Mars,1
14,25,24,Song Of The Year,2017,General,that's what i like,Bruno Mars,Bruno Mars,1
15,32,31,Best R&B Performance,2017,R&B,that's what i like,Bruno Mars,Bruno Mars,1
16,34,33,Best R&B Song,2017,R&B,that's what i like,Bruno Mars,Bruno Mars,1
17,26,25,Best Pop Solo Performance,2017,Pop,shape of you,Ed Sheeran,Ed Sheeran,1
18,27,26,Best Pop Duo/Group Performance,2017,Pop,feel it still,Portugal the Man,Portugal. The Man,1
19,31,30,Best Rock Song,2017,Rock,run,"Dave Grohl, Taylor Hawkins, Rami Jaffee, Nate Mendel, Chris Shiflett & Pat Smear), Songwriters (Foo Fighters",George Strait,1
20,33,32,Best Traditional R&B Performance,2017,R&B,redbone,Childish Gambino,Childish Gambino,1
21,35,34,Best Rap Performance,2017,Rap,humble.,Kendrick Lamar,Kendrick Lamar,1
22,37,36,Best Rap Song,2017,Rap,humble.,Kendrick Lamar,Kendrick Lamar,1
23,36,35,Best Rap/Sung Performance,2017,Rap,loyalty.,Kendrick Lamar Featuring Rihanna,Kendrick Lamar,1
24,38,37,Best Country Solo Performance,2017,Country,either way,Chris Stapleton,Chris Stapleton,1
25,39,38,Best Country Duo/Group Performance,2017,Country,better man,Little Big Town,Little Big Town,1
26,40,39,Best Country Song,2017,Country,broken halos,Chris Stapleton,Chris Stapleton,1
27,46,45,Best Song Written For Visual Media,2017,Composing/Arranging,how far i'll go,Auli'i Cravalho,Alessia Cara,1
28,46,45,Best Song Written For Visual Media,2017,Composing/Arranging,how far i'll go,Auli'i Cravalho,Auli'i Cravalho,1
29,47,46,Record Of The Year,2016,General,hello,Adele,Adele,1
30,47,46,Record Of The Year,2016,General,hello,Adele,Karmin,1
31,47,46,Record Of The Year,2016,General,hello,Adele,"Martin Solveig, Dragonette",2
32,48,47,Song Of The Year,2016,General,hello,Adele,Adele,1
33,48,47,Song Of The Year,2016,General,hello,Adele,Karmin,1
34,48,47,Song Of The Year,2016,General,hello,Adele,"Martin Solveig, Dragonette",2
35,49,48,Best Pop Solo Performance,2016,Pop,hello,Adele,Adele,1
36,49,48,Best Pop Solo Performance,2016,Pop,hello,Adele,Karmin,1
37,49,48,Best Pop Solo Performance,2016,Pop,hello,Adele,"Martin Solveig, Dragonette",2
38,50,49,Best Pop Duo/Group Performance,2016,Pop,stressed out,Twenty One Pilots,twenty one pilots,1
39,51,50,Best Dance Recording,2016,Dance/Electronic Music,don't let me down,The Chainsmokers Featuring Daya,The Chainsmokers,1
40,55,54,Best R&B Performance,2016,R&B,cranes in the sky,Solange,Solange,1
41,56,55,Best Traditional R&B Performance,2016,R&B,angel,Lalah Hathaway,Akon,1
42,56,55,Best Traditional R&B Performance,2016,R&B,angel,Lalah Hathaway,Amanda Perez,1
43,56,55,Best Traditional R&B Performance,2016,R&B,angel,Lalah Hathaway,Lionel Richie,1
44,56,55,Best Traditional R&B Performance,2016,R&B,angel,Lalah Hathaway,Natasha Bedingfield,1
45,56,55,Best Traditional R&B Performance,2016,R&B,angel,Lalah Hathaway,Shaggy,1
46,58,57,Best Rap Performance,2016,Rap,no problem,Chance the Rapper Featuring Lil Wayne & 2 Chainz,Chance The Rapper,1
47,58,57,Best Rap Performance,2016,Rap,no problem,Chance the Rapper Featuring Lil Wayne & 2 Chainz,Lil Scrappy,1
48,59,58,Best Rap/Sung Performance,2016,Rap,hotline bling,Drake,Drake,1
49,60,59,Best Rap Song,2016,Rap,hotline bling,Drake,Drake,1
50,61,60,Best Country Solo Performance,2016,Country,my church,Maren Morris,Maren Morris,1
51,63,62,Best Country Song,2016,Country,humble and kind,Tim Mcgraw,Tim McGraw,1
52,69,68,Best Song Written For Visual Media,2016,Composing/Arranging,can't stop the feeling!,"Justin Timberlake, Anna Kendrick, Gwen Stefani, James Corden, Zooey Deschanel, Walt Dohrn, Ron Funches, Caroline Hjelt, Aino Jawo, Christopher Mintz-Plasse & Kunal Nayyar",Justin Timberlake,1
53,71,70,Song Of The Year,2015,General,thinking out loud,"d Sheeran & Amy Wadge, Songwriters",Ed Sheeran,1
54,72,71,Best Pop Solo Performance,2015,Pop,thinking out loud,Ed Sheeran,Ed Sheeran,1
55,81,80,Best Rap Performance,2015,Rap,alright,Kendrick Lamar,Darius Rucker,1
56,81,80,Best Rap Performance,2015,Rap,alright,Kendrick Lamar,Kendrick Lamar,1
57,82,81,Best Rap Song,2015,Rap,alright,"Endrick Duckworth, Kawan Prather, Mark Anthony Spears & Pharrell Williams, Songwriters",Darius Rucker,1
58,82,81,Best Rap Song,2015,Rap,alright,"Endrick Duckworth, Kawan Prather, Mark Anthony Spears & Pharrell Williams, Songwriters",Kendrick Lamar,1
59,84,83,Best Country Duo/Group Performance,2015,Country,girl crush,Little Big Town,Little Big Town,1
60,85,84,Best Country Song,2015,Country,girl crush,"Illary Lindsey, Lori Mckenna & Liz Rose, Songwriters",Little Big Town,1
61,91,90,Best Song Written For Visual Media,2015,Composing/Arranging,glory,"Onnie Lynn, Che Smith & John Stephens, Songwriters","Common, John Legend",2
62,95,94,Best Pop Duo/Group Performance,2014,Pop,say something,"a Great Big World (Ian Axel & Chad Vaccarino) & Christina Aguilera, Artists","A Great Big World, Christina Aguilera",2
63,95,94,Best Pop Duo/Group Performance,2014,Pop,say something,"a Great Big World (Ian Axel & Chad Vaccarino) & Christina Aguilera, Artists",Justin Timberlake,1
64,95,94,Best Pop Duo/Group Performance,2014,Pop,say something,"a Great Big World (Ian Axel & Chad Vaccarino) & Christina Aguilera, Artists",Timbaland,1
65,96,95,Best Dance Recording,2014,Dance/Electronic Music,rather be,Clean Bandit Featuring Jess Glynne,Clean Bandit,1
66,99,98,Best Rock Song,2014,Rock,ain't it fun,Paramore,Paramore,1
67,100,99,Best R&B Performance,2014,R&B,drunk in love,"Beyoncé & Jay Z, Artists (Beyoncé Featuring Jay z)",Beyonce,1
68,102,101,Best R&B Song,2014,R&B,drunk in love,Beyonce,Beyonce,1
69,103,102,Best Rap Performance,2014,Rap,i,Kendrick Lamar,Lil Skies,1
70,104,103,Best Rap Song,2014,Rap,i,Kendrick Lamar,Lil Skies,1
71,105,104,Best Country Solo Performance,2014,Country,something in the water,"Carrie Underwood, Artist",Carrie Underwood,1
72,113,112,Best Song Written For Visual Media,2014,Composing/Arranging,let it go,Idina Menzel,Demi Lovato,1
73,113,112,Best Song Written For Visual Media,2014,Composing/Arranging,let it go,Idina Menzel,Idina Menzel,1
74,113,112,Best Song Written For Visual Media,2014,Composing/Arranging,let it go,Idina Menzel,James Bay,1
75,113,112,Best Song Written For Visual Media,2014,Composing/Arranging,let it go,Idina Menzel,Keyshia Cole,1
76,113,112,Best Song Written For Visual Media,2014,Composing/Arranging,let it go,Idina Menzel,Tim McGraw,1
77,114,113,Record Of The Year,2013,General,get lucky,Daft punk featuring Pharrell Williams & Nile Rodgers,Daft Punk,1
78,117,116,Best Pop Duo/Group Performance,2013,Pop,get lucky,Daft punk featuring Pharrell Williams & Nile Rodgers,Daft Punk,1
79,115,114,Song Of The Year,2013,General,royals,Lorde,Lorde,1
80,116,115,Best Pop Solo Performance,2013,Pop,royals,Lorde,Lorde,1
81,118,117,Best Dance Recording,2013,Dance/Electronic Music,clarity,Zedd Featuring Foxes,Zedd,1
82,119,118,Best Rock Performance,2013,Rock,radioactive,Imagine Dragons,Imagine Dragons,1
83,119,118,Best Rock Performance,2013,Rock,radioactive,Imagine Dragons,Kings Of Leon,1
84,122,121,Best R&B Performance,2013,R&B,something,Snarky Puppy with Lalah Hathaway,Lasgo,1
85,124,123,Best R&B Song,2013,R&B,pusher love girl,Justin Timberlake,Justin Timberlake,1
86,125,124,Best Rap Performance,2013,Rap,thrift shop,Macklemore & Ryan lewis featuring Wanz,"Macklemore, Ryan Lewis",2
87,126,125,Best Rap Song,2013,Rap,thrift shop,,"Macklemore, Ryan Lewis",2
88,127,126,Best Country Solo Performance,2013,Country,wagon wheel,"Macklemore, Ryan Lewis",Darius Rucker,1
89,129,128,Best Country Song,2013,Country,merry go 'round,Kacey Musgraves,Kacey Musgraves,1
90,132,131,Best Song Written For Visual Media,2013,Composing/Arranging,skyfall,Adele,Adele,1
91,133,132,Record Of The Year,2012,General,somebody that i used to know,Gotye Featuring Kimbra,Glee Cast,1
92,133,132,Record Of The Year,2012,General,somebody that i used to know,Gotye Featuring Kimbra,Gotye,1
93,136,135,Best Pop Duo/Group Performance,2012,Pop,somebody that i used to know,Gotye Featuring Kimbra,Glee Cast,1
94,136,135,Best Pop Duo/Group Performance,2012,Pop,somebody that i used to know,Gotye Featuring Kimbra,Gotye,1
95,134,133,Song Of The Year,2012,General,we are young,Fun Featuring Janelle Monáe,Glee Cast,1
96,134,133,Song Of The Year,2012,General,we are young,Fun Featuring Janelle Monáe,fun.,1
97,137,136,Best Dance Recording,2012,Dance/Electronic Music,bangarang,skrillex featuring Sirah,Skrillex,1
98,138,137,Best Rock Performance,2012,Rock,lonely boy,The Black Keys,The Black Keys,1
99,139,138,Best Rock Song,2012,Rock,lonely boy,The Black Keys,The Black Keys,1
100,140,139,Best R&B Performance,2012,R&B,climax,Usher,Usher,1
101,141,140,Best Traditional R&B Performance,2012,R&B,love on top,beyoncé,Beyonce,1
102,142,141,Best R&B Song,2012,R&B,adorn,Miguel,Miguel,1
103,145,144,Best Country Solo Performance,2012,Country,blown away,Carrie Underwood,Carrie Underwood,1
104,147,146,Best Country Song,2012,Country,blown away,Carrie Underwood,Carrie Underwood,1
105,146,145,Best Country Duo/Group Performance,2012,Country,pontoon,Little Big Town,Little Big Town,1
106,150,149,Record Of The Year,2011,General,rolling in the deep,Adele,Adele,1
107,150,149,Record Of The Year,2011,General,rolling in the deep,Adele,Glee Cast,1
108,151,150,Song Of The Year,2011,General,rolling in the deep,Adele,Adele,1
109,151,150,Song Of The Year,2011,General,rolling in the deep,Adele,Glee Cast,1
110,152,151,Best Pop Solo Performance,2011,Pop,someone like you,Adele,Adele,1
111,154,153,Best Dance Recording,2011,Dance/Electronic Music,scary monsters and nice sprites,Skrillex,Skrillex,1
112,155,154,Best Rock Performance,2011,Rock,walk,Foo Fighters,Foo Fighters,1
113,156,155,Best Rock Song,2011,Rock,walk,Foo Fighters,Foo Fighters,1
114,160,159,Best Rap Performance,2011,Rap,otis,Jay-z & Kanye West,Jay Z Kanye West,1
115,161,160,Best Rap Song,2011,Rap,all of the lights,"Kanye West, Rihanna, Kid Cudi & Fergie",Kanye West,1
116,162,161,Best Country Solo Performance,2011,Country,mean,Taylor Swift,Taylor Swift,1
117,164,163,Best Country Song,2011,Country,mean,Taylor Swift,Taylor Swift,1
118,167,166,Record Of The Year,2010,General,need you now,Lady Antebellum,Glee Cast,1
119,167,166,Record Of The Year,2010,General,need you now,Lady Antebellum,Lady Antebellum,1
120,168,167,Song Of The Year,2010,General,need you now,Lady Antebellum,Glee Cast,1
121,168,167,Song Of The Year,2010,General,need you now,Lady Antebellum,Lady Antebellum,1
122,187,186,Best Country Song,2010,Country,need you now,Lady Antebellum,Glee Cast,1
123,187,186,Best Country Song,2010,Country,need you now,Lady Antebellum,Lady Antebellum,1
124,169,168,Best Female Pop Vocal Performance,2010,Pop,bad romance,Lady Gaga,Glee Cast,1
125,169,168,Best Female Pop Vocal Performance,2010,Pop,bad romance,Lady Gaga,Lady Gaga,1
126,170,169,Best Male Pop Vocal Performance,2010,Pop,just the way you are,Bruno Mars,Bruno Mars,1
127,172,171,Best Pop Collaboration With Vocals,2010,Pop,imagine,"Herbie Hancock, Pink, Indiaarie, Seal, Konono No 1, Jeff Beck & Oumou Sangare",Ariana Grande,1
128,172,171,Best Pop Collaboration With Vocals,2010,Pop,imagine,"Herbie Hancock, Pink, Indiaarie, Seal, Konono No 1, Jeff Beck & Oumou Sangare",Jack Johnson,1
129,177,176,Best Female R&B Vocal Performance,2010,R&B,bittersweet,Fantasia,Fantasia,1
130,178,177,Best Male R&B Vocal Performance,2010,R&B,there goes my baby,Usher,Charlie Wilson,1
131,178,177,Best Male R&B Vocal Performance,2010,R&B,there goes my baby,Usher,Usher,1
132,179,178,Best R&B Performance By A Duo Or Group With Vocals,2010,R&B,soldier of love,Sade,Sade,1
133,181,180,Best R&B Song,2010,R&B,shine,John Legend & the Roots,Lil' Wayne,1
134,385,384,Best Female Country Vocal Performance,2001,Country,shine,Dolly Parton,Lil' Wayne,1
135,182,181,Best Rap Solo Performance,2010,Rap,not afraid,Eminem,Eminem,1
136,183,182,Best Rap Performance By A Duo Or Group,2010,Rap,on to the next one,Jay-z & Swizz Beatz,Jay,1
137,184,183,Best Rap Song,2010,Rap,empire state of mind,"Burt Keyes & Sylvia Robinson, Songwriters",Glee Cast,1
138,184,183,Best Rap Song,2010,Rap,empire state of mind,"Burt Keyes & Sylvia Robinson, Songwriters",Jay,1
139,185,184,Best Female Country Vocal Performance,2010,Country,the house that built me,Miranda Lambert,Miranda Lambert,1
140,189,188,Record Of The Year,2009,General,use somebody,Kings of Leon,Kings Of Leon,1
141,198,197,Best Rock Song,2009,Rock,use somebody,Kings of Leon,Kings Of Leon,1
142,191,190,Best Female Pop Vocal Performance,2009,Pop,halo,beyoncé,Beyonce,1
143,193,192,Best Pop Performance By A Duo Or Group With Vocals,2009,Pop,i gotta feeling,The Black Eyed Peas,The Black Eyed Peas,1
144,194,193,Best Pop Collaboration With Vocals,2009,Pop,lucky,Jason Mraz & Colbie Caillat,Britney Spears,1
145,194,193,Best Pop Collaboration With Vocals,2009,Pop,lucky,Jason Mraz & Colbie Caillat,"Jason Mraz, Colbie Caillat",2
146,195,194,Best Dance Recording,2009,Dance/Electronic Music,poker face,Lady Gaga,Glee Cast,1
147,195,194,Best Dance Recording,2009,Dance/Electronic Music,poker face,Lady Gaga,Lady Gaga,1
148,200,199,Best Male R&B Vocal Performance,2009,R&B,pretty wings,Maxwell,Maxwell,1
149,201,200,Best R&B Performance By A Duo Or Group With Vocals,2009,R&B,blame it,Jamie Foxx & t-Pain,Jamie Foxx,1
150,205,204,Best Rap Performance By A Duo Or Group,2009,Rap,crack a bottle,"Eminem, Dr Dre & 50 Cent","Eminem, Dr. Dre, 50 Cent",3
151,206,205,Best Rap Song,2009,Rap,run this town,"Jay-z), Robyn Fenty, Kanye West & Ernest Wilson, Songwriters (Athanasios Alatas, Songwriter) (Jay-Z, Rihanna & Kanye West",Jay,1
152,207,206,Best Female Country Vocal Performance,2009,Country,white horse,Taylor Swift,Taylor Swift,1
153,209,208,Best Country Song,2009,Country,white horse,Taylor Swift,Taylor Swift,1
154,208,207,Best Male Country Vocal Performance,2009,Country,sweet thing,Keith Urban,Keith Urban,1
155,212,211,Song Of The Year,2008,General,viva la vida,Coldplay,Coldplay,1
156,215,214,Best Pop Performance By A Duo Or Group With Vocals,2008,Pop,viva la vida,Coldplay,Coldplay,1
157,213,212,Best Female Pop Vocal Performance,2008,Pop,chasing pavements,Adele,Adele,1
158,214,213,Best Male Pop Vocal Performance,2008,Pop,say,John Mayer,John Mayer,1
159,221,220,Best Female R&B Vocal Performance,2008,R&B,superwoman,Alicia Keyss,Alicia Keys,1
160,222,221,Best Male R&B Vocal Performance,2008,R&B,miss independent,Ne-Yo,Kelly Clarkson,1
161,222,221,Best Male R&B Vocal Performance,2008,R&B,miss independent,Ne-Yo,Ne,1
162,225,224,Best R&B Song,2008,R&B,miss independent,Ne-Yo,Kelly Clarkson,1
163,225,224,Best R&B Song,2008,R&B,miss independent,Ne-Yo,Ne,1
164,226,225,Best Rap Solo Performance,2008,Rap,a milli,Lil Wayne,Lil Wayne,1
165,227,226,Best Rap Performance By A Duo Or Group,2008,Rap,swagga like us,Jay-z & Ti. Featuring Kanye West & Lil Wayne,Jay,1
166,228,227,Best Rap Song,2008,Rap,lollipop,Lil Wayne Featuring Static Major,Framing Hanley,1
167,228,227,Best Rap Song,2008,Rap,lollipop,Lil Wayne Featuring Static Major,Lil Wayne,1
168,229,228,Best Female Country Vocal Performance,2008,Country,last name,Carrie Underwood,Carrie Underwood,1
169,230,229,Best Male Country Vocal Performance,2008,Country,letter to me,Brad Paisley,Brad Paisley,1
170,231,230,Best Country Song,2008,Country,stay,Sugarland,Florida Georgia Line,1
171,231,230,Best Country Song,2008,Country,stay,Sugarland,Post Malone,1
172,231,230,Best Country Song,2008,Country,stay,Sugarland,Rihanna,1
173,231,230,Best Country Song,2008,Country,stay,Sugarland,Sugarland,1
174,231,230,Best Country Song,2008,Country,stay,Sugarland,"Zedd, Alessia Cara",2
175,232,231,Record Of The Year,2007,General,rehab,Amy Winehouse,Amy Winehouse,1
176,232,231,Record Of The Year,2007,General,rehab,Amy Winehouse,Rihanna,1
177,233,232,Song Of The Year,2007,General,rehab,Amy Winehouse,Amy Winehouse,1
178,233,232,Song Of The Year,2007,General,rehab,Amy Winehouse,Rihanna,1
179,234,233,Best Female Pop Vocal Performance,2007,Pop,rehab,Amy Winehouse,Amy Winehouse,1
180,234,233,Best Female Pop Vocal Performance,2007,Pop,rehab,Amy Winehouse,Rihanna,1
181,236,235,Best Pop Performance By A Duo Or Group With Vocals,2007,Pop,makes me wonder,Maroon 5,Maroon 5,1
182,239,238,Best Hard Rock Performance,2007,Rock,the pretender,Foo Fighters,Foo Fighters,1
183,242,241,Best Female R&B Vocal Performance,2007,R&B,no one,Alicia Keys,Alicia Keys,1
184,246,245,Best R&B Song,2007,R&B,no one,Alicia Keys,Alicia Keys,1
185,247,246,Best Rap Solo Performance,2007,Rap,stronger,Kanye West,Britney Spears,1
186,247,246,Best Rap Solo Performance,2007,Rap,stronger,Kanye West,Kanye West,1
187,248,247,Best Rap Performance By A Duo Or Group,2007,Rap,southside,Common Featuring Kanye West,Lloyd,1
188,249,248,Best Rap Song,2007,Rap,good life,Kanye West Featuring t-Pain,G,1
189,249,248,Best Rap Song,2007,Rap,good life,Kanye West Featuring t-Pain,Kanye West,1
190,249,248,Best Rap Song,2007,Rap,good life,Kanye West Featuring t-Pain,OneRepublic,1
191,250,249,Best Female Country Vocal Performance,2007,Country,before he cheats,Carrie Underwood,Carrie Underwood,1
192,252,251,Best Country Song,2007,Country,before he cheats,Carrie Underwood,Carrie Underwood,1
193,251,250,Best Male Country Vocal Performance,2007,Country,stupid boy,Keith Urban,Keith Urban,1
194,253,252,Record Of The Year,2006,General,not ready to make nice,Dixie Chicks,Dixie Chicks,1
195,254,253,Song Of The Year,2006,General,not ready to make nice,Dixie Chicks,Dixie Chicks,1
196,255,254,Best Female Pop Vocal Performance,2006,Pop,ain't no other man,Christina Aguilera,Christina Aguilera,1
197,256,255,Best Male Pop Vocal Performance,2006,Pop,waiting on the world to change,John Mayer,John Mayer,1
198,257,256,Best Pop Performance By A Duo Or Group With Vocal,2006,Pop,my humps,The Black Eyed Peas,The Black Eyed Peas,1
199,260,259,Best Rock Performance By A Duo Or Group With Vocal,2006,Rock,dani california,Red Hot Chili Peppers,Red Hot Chili Peppers,1
200,263,262,Best Rock Song,2006,Rock,dani california,Red Hot Chili Peppers,Red Hot Chili Peppers,1
201,261,260,Best Hard Rock Performance,2006,Rock,woman,Wolfmother,Raheem DeVaughn,1
202,264,263,Best Female R&B Vocal Performance,2006,R&B,be without you,Mary j Blige,Mary J. Blige,1
203,268,267,Best R&B Song,2006,R&B,be without you,Mary j Blige,Mary J. Blige,1
204,265,264,Best Male R&B Vocal Performance,2006,R&B,heaven,John Legend,"DJ Sammy, Yanou",2
205,265,264,Best Male R&B Vocal Performance,2006,R&B,heaven,John Legend,Kane Brown,1
206,265,264,Best Male R&B Vocal Performance,2006,R&B,heaven,John Legend,Live,1
207,265,264,Best Male R&B Vocal Performance,2006,R&B,heaven,John Legend,Los Lonely Boys,1
208,301,300,Best Pop Performance By A Duo Or Group With Vocal,2004,Pop,heaven,Los Lonely Boys,"DJ Sammy, Yanou",2
209,301,300,Best Pop Performance By A Duo Or Group With Vocal,2004,Pop,heaven,Los Lonely Boys,Kane Brown,1
210,301,300,Best Pop Performance By A Duo Or Group With Vocal,2004,Pop,heaven,Los Lonely Boys,Live,1
211,301,300,Best Pop Performance By A Duo Or Group With Vocal,2004,Pop,heaven,Los Lonely Boys,Los Lonely Boys,1
212,266,265,Best R&B Performance By A Duo Or Group With Vocals,2006,R&B,family affair,"John Legend, Joss Stone with Van Hunt",Mary J. Blige,1
213,267,266,Best Urban/Alternative Performance,2006,R&B,crazy,Gnarls Barkley,Britney Spears,1
214,267,266,Best Urban/Alternative Performance,2006,R&B,crazy,Gnarls Barkley,Gnarls Barkley,1
215,267,266,Best Urban/Alternative Performance,2006,R&B,crazy,Gnarls Barkley,Javier,1
216,267,266,Best Urban/Alternative Performance,2006,R&B,crazy,Gnarls Barkley,K,1
217,269,268,Best Rap Solo Performance,2006,Rap,what you know,Ti.,T.I.,1
218,271,270,Best Rap Song,2006,Rap,money maker,Ludacris Featuring Pharrell,Ludacris,1
219,272,271,Best Female Country Vocal Performance,2006,Country,"jesus, take the wheel",Carrie Underwood,Carrie Underwood,1
220,274,273,Best Country Song,2006,Country,"jesus, take the wheel",Carrie Underwood,Carrie Underwood,1
221,275,274,Record Of The Year,2005,General,boulevard of broken dreams,Green Day,Green Day,1
222,276,275,Song Of The Year,2005,General,sometimes you can't make it on your own,"Bono, Adam Clayton, Edge, Larry Mullen Jr), Songwriters (U2",U2,1
223,282,281,Best Rock Performance By A Duo Or Group With Vocal,2005,Rock,sometimes you can't make it on your own,U2,U2,1
224,277,276,Best Female Pop Vocal Performance,2005,Pop,since u been gone,Kelly Clarkson,Kelly Clarkson,1
225,279,278,Best Pop Performance By A Duo Or Group With Vocal,2005,Pop,this love,Maroon 5,Maroon 5,1
226,283,282,Best Hard Rock Performance,2005,Rock,b.y.o.b.,System of a Down,System Of A Down,1
227,286,285,Best Female R&B Vocal Performance,2005,R&B,we belong together,Mariah Carey,Gavin DeGraw,1
228,286,285,Best Female R&B Vocal Performance,2005,R&B,we belong together,Mariah Carey,Mariah Carey,1
229,290,289,Best R&B Song,2005,R&B,we belong together,Mariah Carey,Gavin DeGraw,1
230,290,289,Best R&B Song,2005,R&B,we belong together,Mariah Carey,Mariah Carey,1
231,287,286,Best Male R&B Vocal Performance,2005,R&B,ordinary people,John Legend,John Legend,1
232,289,288,Best Urban/Alternative Performance,2005,R&B,welcome to jamrock,Damian Marley,"Damian ""Jr. Gong"" Marley",1
233,291,290,Best Rap Solo Performance,2005,Rap,gold digger,Kanye West,Kanye West,1
234,292,291,Best Rap Performance By A Duo Or Group,2005,Rap,don't phunk with my heart,The Black Eyed Peas,The Black Eyed Peas,1
235,293,292,Best Rap Song,2005,Rap,diamonds from sierra leone,Kanye West,Kanye West,1
236,295,294,Best Male Country Vocal Performance,2005,Country,you'll think of me,Keith Urban,Keith Urban,1
237,296,295,Best Country Song,2005,Country,bless the broken road,Rascal Flatts,Rascal Flatts,1
238,297,296,Record Of The Year,2004,General,here we go again,Norah Jones,Demi Lovato,1
239,302,301,Best Pop Collaboration With Vocals,2004,Pop,here we go again,Norah Jones,Demi Lovato,1
240,298,297,Song Of The Year,2004,General,daughters,John Mayer,John Mayer,1
241,300,299,Best Male Pop Vocal Performance,2004,Pop,daughters,John Mayer,John Mayer,1
242,299,298,Best Female Pop Vocal Performance,2004,Pop,sunrise,Norah Jones,Duran Duran,1
243,303,302,Best Dance Recording,2004,Dance/Electronic Music,toxic,Britney Spears,Britney Spears,1
244,304,303,Best Rock Performance By A Duo Or Group With Vocal,2004,Rock,vertigo,U2,U2,1
245,307,306,Best Rock Song,2004,Rock,vertigo,"Bono, Adam Clayton, the Edge, Larry Mullen, Jr), Songwriter (U2",U2,1
246,305,304,Best Hard Rock Performance,2004,Rock,slither,Velvet Revolver,Velvet Revolver,1
247,308,307,Best Female R&B Vocal Performance,2004,R&B,if i ain't got you,Alicia Keys,Alicia Keys,1
248,309,308,Best Male R&B Vocal Performance,2004,R&B,call my name,Prince,Prince,1
249,310,309,Best R&B Performance By A Duo Or Group With Vocals,2004,R&B,my boo,Usher& Alicia Keys,Ghost Town DJ's,1
250,310,309,Best R&B Performance By A Duo Or Group With Vocals,2004,R&B,my boo,Usher& Alicia Keys,Usher And Alicia Keys,1
251,312,311,Best R&B Song,2004,R&B,you don't know my name,Alicia Keys,Alicia Keys,1
252,313,312,Best Rap Solo Performance,2004,Rap,99 problems,Jay-z,JAY,1
253,314,313,Best Rap Performance By A Duo Or Group,2004,Rap,let's get it started,The Black Eyed Peas,The Black Eyed Peas,1
254,315,314,Best Rap Song,2004,Rap,jesus walks,Kanye West,Kanye West,1
255,316,315,Best Female Country Vocal Performance,2004,Country,redneck woman,Gretchen Wilson,Gretchen Wilson,1
256,317,316,Best Male Country Vocal Performance,2004,Country,live like you were dying,Tim Mcgraw,Tim McGraw,1
257,318,317,Best Country Song,2004,Country,live like you were dying,Tim Mcgraw,Tim McGraw,1
258,319,318,Record Of The Year,2003,General,clocks,Coldplay,Coldplay,1
259,320,319,Song Of The Year,2003,General,dance with my father,Luther Vandross,Luther Vandross,1
260,333,332,Best Male R&B Vocal Performance,2003,R&B,dance with my father,Luther Vandross,Luther Vandross,1
261,321,320,Best Female Pop Vocal Performance,2003,Pop,beautiful,Christina Aguilera,Akon,1
262,321,320,Best Female Pop Vocal Performance,2003,Pop,beautiful,Christina Aguilera,Bazzi,1
263,321,320,Best Female Pop Vocal Performance,2003,Pop,beautiful,Christina Aguilera,Christina Aguilera,1
264,321,320,Best Female Pop Vocal Performance,2003,Pop,beautiful,Christina Aguilera,Eminem,1
265,321,320,Best Female Pop Vocal Performance,2003,Pop,beautiful,Christina Aguilera,Snoop Dogg,1
266,322,321,Best Male Pop Vocal Performance,2003,Pop,cry me a river,Justin Timberlake,Justin Timberlake,1
267,323,322,Best Pop Performance By A Duo Or Group With Vocal,2003,Pop,underneath it all,No Doubt,No Doubt,1
268,325,324,Best Dance Recording,2003,Dance/Electronic Music,come into my world,Kylie Minogue,Kylie Minogue,1
269,326,325,Best Female Rock Vocal Performance,2003,Rock,trouble,Pink,Iggy Azalea,1
270,326,325,Best Female Rock Vocal Performance,2003,Rock,trouble,Pink,P!nk,1
271,329,328,Best Hard Rock Performance,2003,Rock,bring me to life,Evanescence Featuring Paul Mccoy,Evanescence,1
272,331,330,Best Rock Song,2003,Rock,seven nation army,The White Stripes,The White Stripes,1
273,335,334,Best Urban/Alternative Performance,2003,R&B,hey ya!,Outkast,OutKast,1
274,336,335,Best R&B Song,2003,R&B,crazy in love,Beyonce,Beyonce,1
275,337,336,Best Female Rap Solo Performance,2003,Rap,work it,Missy Elliott,"Missy ""Misdemeanor"" Elliott",1
276,337,336,Best Female Rap Solo Performance,2003,Rap,work it,Missy Elliott,Nelly,1
277,338,337,Best Male Rap Solo Performance,2003,Rap,lose yourself,Eminem,Eminem,1
278,340,339,Best Rap Song,2003,Rap,lose yourself,Eminem,Eminem,1
279,339,338,Best Rap Performance By A Duo Or Group,2003,Rap,shake ya tailfeather,"Nelly, p Diddy & Murphy Lee","Nelly, P. Diddy, Murphy Lee",3
280,343,342,Best Country Song,2003,Country,it's five o'clock somewhere,Alan Jackson & Jimmy Buffett,"Alan Jackson, Jimmy Buffett",2
281,344,343,Record Of The Year,2002,General,don't know why,Norah Jones,Norah Jones,1
282,345,344,Song Of The Year,2002,General,don't know why,Norah Jones,Norah Jones,1
283,346,345,Best Female Pop Vocal Performance,2002,Pop,don't know why,Norah Jones,Norah Jones,1
284,347,346,Best Male Pop Vocal Performance,2002,Pop,your body is a wonderland,John Mayer,John Mayer,1
285,348,347,Best Pop Performance By A Duo Or Group With Vocal,2002,Pop,hey baby,No Doubt,No Doubt,1
286,349,348,Best Pop Collaboration With Vocals,2002,Pop,the game of love,Carlos santana & Michelle Branch,Santana,1
287,350,349,Best Dance Recording,2002,Dance/Electronic Music,days go by,Dirty Vegas,Dirty Vegas,1
288,350,349,Best Dance Recording,2002,Dance/Electronic Music,days go by,Dirty Vegas,Keith Urban,1
289,351,350,Best Female Rock Vocal Performance,2002,Rock,steve mcqueen,Sheryl Crow,Sheryl Crow,1
290,352,351,Best Male Rock Vocal Performance,2002,Rock,the rising,Bruce Springsteen,Bruce Springsteen,1
291,356,355,Best Rock Song,2002,Rock,the rising,Bruce Springsteen,Bruce Springsteen,1
292,354,353,Best Hard Rock Performance,2002,Rock,all my life,Foo Fighters,Foo Fighters,1
293,355,354,Best Metal Performance,2002,Rock,here to stay,Korn,Korn,1
294,358,357,Best Male R&B Vocal Performance,2002,R&B,u don't have to call,Usher,Usher,1
295,359,358,Best Urban/Alternative Performance,2002,R&B,little things,Indiaarie,India.Arie,1
296,359,358,Best Urban/Alternative Performance,2002,R&B,little things,Indiaarie,One Direction,1
297,362,361,Best Male Rap Solo Performance,2002,Rap,hot in herre,Nelly,Nelly,1
298,363,362,Best Rap Performance By A Duo Or Group,2002,Rap,the whole world,Outkast Featuring Killer Mike,OutKast,1
299,364,363,Best Female Country Vocal Performance,2002,Country,cry,Faith Hill,Faith Hill,1
300,368,367,Song Of The Year,2001,General,fallin',Alicia Keys,Alicia Keys,1
301,380,379,Best Female R&B Vocal Performance,2001,R&B,fallin',Alicia Keys,Alicia Keys,1
302,382,381,Best R&B Song,2001,R&B,fallin',Alicia Keys,Alicia Keys,1
303,369,368,Best Female Pop Vocal Performance,2001,Pop,i'm like a bird,Nelly Furtado,Nelly Furtado,1
304,371,370,Best Pop Performance By A Duo Or Group With Vocal,2001,Pop,stuck in a moment you can't get out of,U2,U2,1
305,372,371,Best Pop Collaboration With Vocals,2001,Pop,lady marmalade,"Christina Aguilera, Lil' Kim, Mya & Pink","Christina Aguilera, Lil' Kim, Mya, P!nk",4
306,373,372,Best Dance Recording,2001,Pop,all for you,Janet Jackson,Janet,1
307,375,374,Best Male Rock Vocal Performance,2001,Rock,dig in,Lenny Kravitz,Lenny Kravitz,1
308,377,376,Best Hard Rock Performance,2001,Rock,crawling,Linkin Park,Linkin Park,1
309,378,377,Best Metal Performance,2001,Rock,schism,Tool,Tool,1
310,379,378,Best Rock Song,2001,Rock,drops of jupiter,Train,Train,1
311,381,380,Best Male R&B Vocal Performance,2001,R&B,u remind me,Usher,Usher,1
312,383,382,Best Rap Solo Performance,2001,Rap,get ur freak on,"Missy ""Misdemeanor"" Elliott","Missy ""Misdemeanor"" Elliott",1
313,384,383,Best Rap Performance By A Duo Or Group,2001,Rap,ms. jackson,Outkast,OutKast,1
314,387,386,Best Country Song,2001,Country,the lucky one,Alison Krauss & Union Station,Faith Hill,1
315,388,387,Record Of The Year,2000,General,beautiful day,U2,Lee DeWyze,1
316,388,387,Record Of The Year,2000,General,beautiful day,U2,U2,1
317,389,388,Song Of The Year,2000,General,beautiful day,"Bono, Adam Clayton, Edge, Larry Mullen Jr), Songwriter (U2",Lee DeWyze,1
318,389,388,Song Of The Year,2000,General,beautiful day,"Bono, Adam Clayton, Edge, Larry Mullen Jr), Songwriter (U2",U2,1
319,397,396,Best Rock Performance By A Duo Or Group With Vocal,2000,Rock,beautiful day,U2,Lee DeWyze,1
320,397,396,Best Rock Performance By A Duo Or Group With Vocal,2000,Rock,beautiful day,U2,U2,1
321,390,389,Best Female Pop Vocal Performance,2000,Pop,i try,Macy Gray,Macy Gray,1
322,394,393,Best Dance Recording,2000,Pop,who let the dogs out,Baha Men,Baha Men,1
323,396,395,Best Male Rock Vocal Performance,2000,Rock,again,Lenny Kravitz,Faith Evans,1
324,396,395,Best Male Rock Vocal Performance,2000,Rock,again,Lenny Kravitz,Fetty Wap,1
325,396,395,Best Male Rock Vocal Performance,2000,Rock,again,Lenny Kravitz,Lenny Kravitz,1
326,398,397,Best Hard Rock Performance,2000,Rock,guerrilla radio,Rage Against the Machine,Rage Against The Machine,1
327,400,399,Best Rock Song,2000,Rock,with arms wide open,Creed,Creed,1
328,401,400,Best Female R&B Vocal Performance,2000,R&B,he wasn't man enough,Toni Braxton,Toni Braxton,1
329,403,402,Best R&B Song,2000,R&B,say my name,Destiny's Child,Destiny's Child,1
330,404,403,Best Rap Solo Performance,2000,Rap,the real slim shady,Eminem,Eminem,1
331,405,404,Best Rap Performance By A Duo Or Group,2000,Rap,forgot about dre,Dr Dre Featuring Eminem,Dr. Dre,1
332,406,405,Best Female Country Vocal Performance,2000,Country,breathe,Faith Hill,Anna Nalick,1
333,406,405,Best Female Country Vocal Performance,2000,Country,breathe,Faith Hill,Blu Cantrell,1
334,406,405,Best Female Country Vocal Performance,2000,Country,breathe,Faith Hill,Fabolous,1
335,406,405,Best Female Country Vocal Performance,2000,Country,breathe,Faith Hill,Faith Hill,1
336,406,405,Best Female Country Vocal Performance,2000,Country,breathe,Faith Hill,Michelle Branch,1
337,406,405,Best Female Country Vocal Performance,2000,Country,breathe,Faith Hill,Telepopmusik,1
338,408,407,Best Country Song,2000,Country,i hope you dance,Lee Ann Womack,Lee Ann Womack,1
339,409,408,Record Of The Year,1999,General,smooth,santana featuring Rob Thomas,Florida Georgia Line,1
340,409,408,Record Of The Year,1999,General,smooth,santana featuring Rob Thomas,Santana,1
341,410,409,Song Of The Year,1999,General,smooth,Santana Featuring Rob Thomas,Florida Georgia Line,1
342,410,409,Song Of The Year,1999,General,smooth,Santana Featuring Rob Thomas,Santana,1
343,414,413,Best Pop Collaboration With Vocals,1999,Pop,smooth,santana featuring Rob Thomas,Florida Georgia Line,1
344,414,413,Best Pop Collaboration With Vocals,1999,Pop,smooth,santana featuring Rob Thomas,Santana,1
345,411,410,Best Female Pop Vocal Performance,1999,Pop,i will remember you,Sarah Mclachlan,Sarah McLachlan,1
346,413,412,Best Pop Performance By A Duo Or Group With Vocal,1999,Pop,maria maria,Santana,Santana,1
347,415,414,Best Dance Recording,1999,Pop,believe,Cher,"Brooks, Dunn",2
348,415,414,Best Dance Recording,1999,Pop,believe,Cher,Cher,1
349,415,414,Best Dance Recording,1999,Pop,believe,Cher,"Mumford, Sons",2
350,415,414,Best Dance Recording,1999,Pop,believe,Cher,Staind,1
351,417,416,Best Male Rock Vocal Performance,1999,Rock,american woman,Lenny Kravitz,Lenny Kravitz,1
352,421,420,Best Rock Song,1999,Rock,scar tissue,Red Hot Chili Peppers,Red Hot Chili Peppers,1
353,426,425,Best Female Country Vocal Performance,1999,Country,man! i feel like a woman!,Shania Twain,Shania Twain,1
354,428,427,Best Country Song,1999,Country,come on over,Shania Twain,Jessica Simpson,1
355,428,427,Best Country Song,1999,Country,come on over,Shania Twain,Shania Twain,1
